y,x-1,x-2,x-3,x-4,x-5,x-6,x-7,x-8,x-9,x-10,x-11,x-12,x-13,x-14,x1,x2,x3,x4,x5,x1,x2,x3,x4,x5,x1,x2,x3,x4,x5
0.73 ,0.40 ,0.35 ,0.48 ,0.22 ,0.22 ,0.22 ,0.56 ,0.34 ,0.29 ,0.21 ,0.36 ,0.76 ,0.44 ,0.21 ,0.00 ,0.00 ,0.00 ,0.00 ,0.00 ,0.00 ,0.00 ,0.00 ,0.00 ,0.00 ,0.21 ,0.36 ,0.76 ,0.44 ,0.21 
0.71 ,0.40 ,0.35 ,0.48 ,0.24 ,0.24 ,0.24 ,0.56 ,0.44 ,0.30 ,0.22 ,0.45 ,0.76 ,0.55 ,0.24 ,0.00 ,0.00 ,0.00 ,0.00 ,0.00 ,0.21 ,0.36 ,0.76 ,0.44 ,0.21 ,0.22 ,0.45 ,0.76 ,0.55 ,0.24 
0.69 ,0.40 ,0.35 ,0.48 ,0.26 ,0.25 ,0.25 ,0.56 ,0.49 ,0.29 ,0.23 ,0.48 ,0.76 ,0.60 ,0.26 ,0.21 ,0.36 ,0.76 ,0.44 ,0.21 ,0.22 ,0.45 ,0.76 ,0.55 ,0.24 ,0.23 ,0.48 ,0.76 ,0.60 ,0.26 
0.67 ,0.40 ,0.35 ,0.48 ,0.29 ,0.26 ,0.26 ,0.56 ,0.49 ,0.25 ,0.25 ,0.53 ,0.76 ,0.58 ,0.28 ,0.22 ,0.45 ,0.76 ,0.55 ,0.24 ,0.23 ,0.48 ,0.76 ,0.60 ,0.26 ,0.25 ,0.53 ,0.76 ,0.58 ,0.28 
0.64 ,0.40 ,0.35 ,0.48 ,0.31 ,0.27 ,0.27 ,0.56 ,0.50 ,0.24 ,0.27 ,0.66 ,0.76 ,0.57 ,0.31 ,0.23 ,0.48 ,0.76 ,0.60 ,0.26 ,0.25 ,0.53 ,0.76 ,0.58 ,0.28 ,0.27 ,0.66 ,0.76 ,0.57 ,0.31 
0.62 ,0.40 ,0.35 ,0.48 ,0.33 ,0.27 ,0.28 ,0.56 ,0.49 ,0.24 ,0.28 ,0.54 ,0.76 ,0.55 ,0.32 ,0.25 ,0.53 ,0.76 ,0.58 ,0.28 ,0.27 ,0.66 ,0.76 ,0.57 ,0.31 ,0.28 ,0.54 ,0.76 ,0.55 ,0.32 
0.60 ,0.40 ,0.35 ,0.48 ,0.35 ,0.28 ,0.29 ,0.56 ,0.50 ,0.24 ,0.29 ,0.66 ,0.76 ,0.59 ,0.34 ,0.27 ,0.66 ,0.76 ,0.57 ,0.31 ,0.28 ,0.54 ,0.76 ,0.55 ,0.32 ,0.29 ,0.66 ,0.76 ,0.59 ,0.34 
0.58 ,0.40 ,0.35 ,0.48 ,0.37 ,0.29 ,0.30 ,0.56 ,0.51 ,0.23 ,0.31 ,0.72 ,0.76 ,0.61 ,0.38 ,0.28 ,0.54 ,0.76 ,0.55 ,0.32 ,0.29 ,0.66 ,0.76 ,0.59 ,0.34 ,0.31 ,0.72 ,0.76 ,0.61 ,0.38 
0.56 ,0.40 ,0.35 ,0.48 ,0.39 ,0.29 ,0.30 ,0.56 ,0.51 ,0.22 ,0.34 ,0.43 ,0.76 ,0.61 ,0.42 ,0.29 ,0.66 ,0.76 ,0.59 ,0.34 ,0.31 ,0.72 ,0.76 ,0.61 ,0.38 ,0.34 ,0.43 ,0.76 ,0.61 ,0.42 
0.53 ,0.40 ,0.35 ,0.48 ,0.41 ,0.34 ,0.33 ,0.56 ,0.46 ,0.23 ,0.36 ,0.71 ,0.76 ,0.62 ,0.43 ,0.31 ,0.72 ,0.76 ,0.61 ,0.38 ,0.34 ,0.43 ,0.76 ,0.61 ,0.42 ,0.36 ,0.71 ,0.76 ,0.62 ,0.43 
0.51 ,0.40 ,0.35 ,0.48 ,0.43 ,0.37 ,0.38 ,0.56 ,0.51 ,0.23 ,0.39 ,0.53 ,0.76 ,0.61 ,0.44 ,0.34 ,0.43 ,0.76 ,0.61 ,0.42 ,0.36 ,0.71 ,0.76 ,0.62 ,0.43 ,0.39 ,0.53 ,0.76 ,0.61 ,0.44 
0.49 ,0.40 ,0.35 ,0.48 ,0.45 ,0.40 ,0.39 ,0.56 ,0.47 ,0.23 ,0.42 ,0.70 ,0.76 ,0.59 ,0.45 ,0.36 ,0.71 ,0.76 ,0.62 ,0.43 ,0.39 ,0.53 ,0.76 ,0.61 ,0.44 ,0.42 ,0.70 ,0.76 ,0.59 ,0.45 
0.47 ,0.40 ,0.35 ,0.48 ,0.47 ,0.44 ,0.43 ,0.56 ,0.47 ,0.23 ,0.44 ,0.49 ,0.60 ,0.58 ,0.46 ,0.39 ,0.53 ,0.76 ,0.61 ,0.44 ,0.42 ,0.70 ,0.76 ,0.59 ,0.45 ,0.44 ,0.49 ,0.60 ,0.58 ,0.46 
0.45 ,0.40 ,0.35 ,0.48 ,0.49 ,0.47 ,0.45 ,0.56 ,0.47 ,0.24 ,0.45 ,0.33 ,0.60 ,0.59 ,0.49 ,0.42 ,0.70 ,0.76 ,0.59 ,0.45 ,0.44 ,0.49 ,0.60 ,0.58 ,0.46 ,0.45 ,0.33 ,0.60 ,0.59 ,0.49 
0.40 ,0.40 ,0.35 ,0.48 ,0.53 ,0.56 ,0.54 ,0.56 ,0.47 ,0.25 ,0.48 ,0.50 ,0.60 ,0.60 ,0.51 ,0.44 ,0.49 ,0.60 ,0.58 ,0.46 ,0.45 ,0.33 ,0.60 ,0.59 ,0.49 ,0.48 ,0.50 ,0.60 ,0.60 ,0.51 
0.38 ,0.40 ,0.35 ,0.48 ,0.56 ,0.62 ,0.60 ,0.56 ,0.47 ,0.25 ,0.52 ,0.54 ,0.60 ,0.59 ,0.54 ,0.45 ,0.33 ,0.60 ,0.59 ,0.49 ,0.48 ,0.50 ,0.60 ,0.60 ,0.51 ,0.52 ,0.54 ,0.60 ,0.59 ,0.54 
0.36 ,0.40 ,0.35 ,0.48 ,0.58 ,0.67 ,0.66 ,0.56 ,0.48 ,0.25 ,0.58 ,0.60 ,0.60 ,0.58 ,0.57 ,0.48 ,0.50 ,0.60 ,0.60 ,0.51 ,0.52 ,0.54 ,0.60 ,0.59 ,0.54 ,0.58 ,0.60 ,0.60 ,0.58 ,0.57 
0.33 ,0.40 ,0.35 ,0.48 ,0.60 ,0.73 ,0.71 ,0.56 ,0.48 ,0.25 ,0.63 ,0.55 ,0.60 ,0.55 ,0.60 ,0.52 ,0.54 ,0.60 ,0.59 ,0.54 ,0.58 ,0.60 ,0.60 ,0.58 ,0.57 ,0.63 ,0.55 ,0.60 ,0.55 ,0.60 
0.31 ,0.40 ,0.35 ,0.48 ,0.62 ,0.79 ,0.78 ,0.56 ,0.49 ,0.24 ,0.70 ,0.68 ,0.60 ,0.55 ,0.64 ,0.58 ,0.60 ,0.60 ,0.58 ,0.57 ,0.63 ,0.55 ,0.60 ,0.55 ,0.60 ,0.70 ,0.68 ,0.60 ,0.55 ,0.64 
0.29 ,0.40 ,0.35 ,0.48 ,0.64 ,0.79 ,0.79 ,0.56 ,0.49 ,0.24 ,0.75 ,0.68 ,0.60 ,0.56 ,0.66 ,0.63 ,0.55 ,0.60 ,0.55 ,0.60 ,0.70 ,0.68 ,0.60 ,0.55 ,0.64 ,0.75 ,0.68 ,0.60 ,0.56 ,0.66 
0.27 ,0.40 ,0.35 ,0.48 ,0.66 ,0.80 ,0.79 ,0.56 ,0.49 ,0.24 ,0.76 ,0.48 ,0.60 ,0.57 ,0.68 ,0.70 ,0.68 ,0.60 ,0.55 ,0.64 ,0.75 ,0.68 ,0.60 ,0.56 ,0.66 ,0.76 ,0.48 ,0.60 ,0.57 ,0.68 
0.24 ,0.40 ,0.35 ,0.48 ,0.68 ,0.80 ,0.79 ,0.61 ,0.49 ,0.24 ,0.77 ,0.52 ,0.60 ,0.57 ,0.68 ,0.75 ,0.68 ,0.60 ,0.56 ,0.66 ,0.76 ,0.48 ,0.60 ,0.57 ,0.68 ,0.77 ,0.52 ,0.60 ,0.57 ,0.68 
0.22 ,0.40 ,0.35 ,0.48 ,0.70 ,0.80 ,0.79 ,0.61 ,0.49 ,0.24 ,0.78 ,0.57 ,0.60 ,0.57 ,0.69 ,0.76 ,0.48 ,0.60 ,0.57 ,0.68 ,0.77 ,0.52 ,0.60 ,0.57 ,0.68 ,0.78 ,0.57 ,0.60 ,0.57 ,0.69 
0.20 ,0.40 ,0.35 ,0.48 ,0.72 ,0.80 ,0.80 ,0.61 ,0.50 ,0.24 ,0.79 ,0.61 ,0.55 ,0.57 ,0.70 ,0.77 ,0.52 ,0.60 ,0.57 ,0.68 ,0.78 ,0.57 ,0.60 ,0.57 ,0.69 ,0.79 ,0.61 ,0.55 ,0.57 ,0.70 
0.68 ,0.24 ,0.58 ,0.29 ,0.24 ,0.26 ,0.26 ,0.56 ,0.50 ,0.28 ,0.24 ,0.45 ,0.76 ,0.55 ,0.24 ,0.00 ,0.00 ,0.00 ,0.00 ,0.00 ,0.00 ,0.00 ,0.00 ,0.00 ,0.00 ,0.24 ,0.45 ,0.76 ,0.55 ,0.24 
0.66 ,0.24 ,0.58 ,0.29 ,0.26 ,0.27 ,0.27 ,0.56 ,0.50 ,0.25 ,0.26 ,0.48 ,0.76 ,0.60 ,0.27 ,0.00 ,0.00 ,0.00 ,0.00 ,0.00 ,0.24 ,0.45 ,0.76 ,0.55 ,0.24 ,0.26 ,0.48 ,0.76 ,0.60 ,0.27 
0.64 ,0.24 ,0.58 ,0.29 ,0.29 ,0.28 ,0.28 ,0.56 ,0.50 ,0.25 ,0.27 ,0.53 ,0.76 ,0.58 ,0.29 ,0.24 ,0.45 ,0.76 ,0.55 ,0.24 ,0.26 ,0.48 ,0.76 ,0.60 ,0.27 ,0.27 ,0.53 ,0.76 ,0.58 ,0.29 
0.61 ,0.24 ,0.58 ,0.29 ,0.31 ,0.29 ,0.29 ,0.56 ,0.50 ,0.24 ,0.28 ,0.66 ,0.76 ,0.57 ,0.32 ,0.26 ,0.48 ,0.76 ,0.60 ,0.27 ,0.27 ,0.53 ,0.76 ,0.58 ,0.29 ,0.28 ,0.66 ,0.76 ,0.57 ,0.32 
0.59 ,0.24 ,0.58 ,0.29 ,0.33 ,0.29 ,0.29 ,0.56 ,0.50 ,0.24 ,0.30 ,0.54 ,0.76 ,0.55 ,0.33 ,0.27 ,0.53 ,0.76 ,0.58 ,0.29 ,0.28 ,0.66 ,0.76 ,0.57 ,0.32 ,0.30 ,0.54 ,0.76 ,0.55 ,0.33 
0.56 ,0.24 ,0.58 ,0.29 ,0.35 ,0.30 ,0.31 ,0.56 ,0.50 ,0.23 ,0.32 ,0.66 ,0.76 ,0.59 ,0.36 ,0.28 ,0.66 ,0.76 ,0.57 ,0.32 ,0.30 ,0.54 ,0.76 ,0.55 ,0.33 ,0.32 ,0.66 ,0.76 ,0.59 ,0.36 
0.54 ,0.24 ,0.58 ,0.29 ,0.38 ,0.35 ,0.35 ,0.56 ,0.50 ,0.25 ,0.33 ,0.72 ,0.76 ,0.61 ,0.39 ,0.30 ,0.54 ,0.76 ,0.55 ,0.33 ,0.32 ,0.66 ,0.76 ,0.59 ,0.36 ,0.33 ,0.72 ,0.76 ,0.61 ,0.39 
0.51 ,0.24 ,0.58 ,0.29 ,0.40 ,0.38 ,0.38 ,0.56 ,0.50 ,0.25 ,0.35 ,0.43 ,0.76 ,0.61 ,0.44 ,0.32 ,0.66 ,0.76 ,0.59 ,0.36 ,0.33 ,0.72 ,0.76 ,0.61 ,0.39 ,0.35 ,0.43 ,0.76 ,0.61 ,0.44 
0.49 ,0.24 ,0.58 ,0.29 ,0.42 ,0.38 ,0.39 ,0.56 ,0.50 ,0.24 ,0.37 ,0.71 ,0.76 ,0.62 ,0.45 ,0.33 ,0.72 ,0.76 ,0.61 ,0.39 ,0.35 ,0.43 ,0.76 ,0.61 ,0.44 ,0.37 ,0.71 ,0.76 ,0.62 ,0.45 
0.47 ,0.24 ,0.58 ,0.29 ,0.45 ,0.40 ,0.39 ,0.56 ,0.49 ,0.24 ,0.39 ,0.53 ,0.76 ,0.61 ,0.46 ,0.35 ,0.43 ,0.76 ,0.61 ,0.44 ,0.37 ,0.71 ,0.76 ,0.62 ,0.45 ,0.39 ,0.53 ,0.76 ,0.61 ,0.46 
0.44 ,0.24 ,0.58 ,0.29 ,0.47 ,0.42 ,0.42 ,0.56 ,0.50 ,0.24 ,0.42 ,0.70 ,0.76 ,0.59 ,0.47 ,0.37 ,0.71 ,0.76 ,0.62 ,0.45 ,0.39 ,0.53 ,0.76 ,0.61 ,0.46 ,0.42 ,0.70 ,0.76 ,0.59 ,0.47 
0.42 ,0.24 ,0.58 ,0.29 ,0.49 ,0.44 ,0.44 ,0.58 ,0.50 ,0.24 ,0.44 ,0.49 ,0.60 ,0.58 ,0.48 ,0.39 ,0.53 ,0.76 ,0.61 ,0.46 ,0.42 ,0.70 ,0.76 ,0.59 ,0.47 ,0.44 ,0.49 ,0.60 ,0.58 ,0.48 
0.39 ,0.24 ,0.58 ,0.29 ,0.51 ,0.46 ,0.46 ,0.58 ,0.49 ,0.24 ,0.46 ,0.33 ,0.60 ,0.59 ,0.52 ,0.42 ,0.70 ,0.76 ,0.59 ,0.47 ,0.44 ,0.49 ,0.60 ,0.58 ,0.48 ,0.46 ,0.33 ,0.60 ,0.59 ,0.52 
0.37 ,0.24 ,0.58 ,0.29 ,0.53 ,0.53 ,0.53 ,0.58 ,0.49 ,0.24 ,0.52 ,0.50 ,0.60 ,0.60 ,0.53 ,0.44 ,0.49 ,0.60 ,0.58 ,0.48 ,0.46 ,0.33 ,0.60 ,0.59 ,0.52 ,0.52 ,0.50 ,0.60 ,0.60 ,0.53 
0.35 ,0.24 ,0.58 ,0.29 ,0.56 ,0.57 ,0.57 ,0.58 ,0.49 ,0.24 ,0.57 ,0.54 ,0.60 ,0.59 ,0.57 ,0.46 ,0.33 ,0.60 ,0.59 ,0.52 ,0.52 ,0.50 ,0.60 ,0.60 ,0.53 ,0.57 ,0.54 ,0.60 ,0.59 ,0.57 
0.32 ,0.24 ,0.58 ,0.29 ,0.58 ,0.63 ,0.60 ,0.58 ,0.46 ,0.24 ,0.59 ,0.60 ,0.60 ,0.58 ,0.61 ,0.52 ,0.50 ,0.60 ,0.60 ,0.53 ,0.57 ,0.54 ,0.60 ,0.59 ,0.57 ,0.59 ,0.60 ,0.60 ,0.58 ,0.61 
0.30 ,0.24 ,0.58 ,0.29 ,0.60 ,0.69 ,0.69 ,0.58 ,0.49 ,0.24 ,0.63 ,0.55 ,0.60 ,0.55 ,0.64 ,0.57 ,0.54 ,0.60 ,0.59 ,0.57 ,0.59 ,0.60 ,0.60 ,0.58 ,0.61 ,0.63 ,0.55 ,0.60 ,0.55 ,0.64 
0.27 ,0.24 ,0.58 ,0.29 ,0.62 ,0.75 ,0.75 ,0.58 ,0.50 ,0.25 ,0.67 ,0.68 ,0.60 ,0.55 ,0.68 ,0.59 ,0.60 ,0.60 ,0.58 ,0.61 ,0.63 ,0.55 ,0.60 ,0.55 ,0.64 ,0.67 ,0.68 ,0.60 ,0.55 ,0.68 
0.25 ,0.24 ,0.58 ,0.29 ,0.65 ,0.76 ,0.76 ,0.58 ,0.50 ,0.25 ,0.67 ,0.68 ,0.60 ,0.56 ,0.70 ,0.63 ,0.55 ,0.60 ,0.55 ,0.64 ,0.67 ,0.68 ,0.60 ,0.55 ,0.68 ,0.67 ,0.68 ,0.60 ,0.56 ,0.70 
0.22 ,0.24 ,0.58 ,0.29 ,0.67 ,0.79 ,0.79 ,0.57 ,0.50 ,0.25 ,0.69 ,0.48 ,0.60 ,0.57 ,0.72 ,0.67 ,0.68 ,0.60 ,0.55 ,0.68 ,0.67 ,0.68 ,0.60 ,0.56 ,0.70 ,0.69 ,0.48 ,0.60 ,0.57 ,0.72 
0.20 ,0.24 ,0.58 ,0.29 ,0.69 ,0.80 ,0.80 ,0.57 ,0.50 ,0.25 ,0.70 ,0.52 ,0.60 ,0.57 ,0.73 ,0.67 ,0.68 ,0.60 ,0.56 ,0.70 ,0.69 ,0.48 ,0.60 ,0.57 ,0.72 ,0.70 ,0.52 ,0.60 ,0.57 ,0.73 
0.76 ,0.80 ,0.35 ,0.80 ,0.23 ,0.23 ,0.23 ,0.56 ,0.47 ,0.25 ,0.23 ,0.50 ,0.54 ,0.20 ,0.22 ,0.00 ,0.00 ,0.00 ,0.00 ,0.00 ,0.00 ,0.00 ,0.00 ,0.00 ,0.00 ,0.23 ,0.50 ,0.54 ,0.20 ,0.22 
0.73 ,0.80 ,0.35 ,0.80 ,0.25 ,0.24 ,0.24 ,0.56 ,0.45 ,0.26 ,0.23 ,0.33 ,0.54 ,0.20 ,0.29 ,0.00 ,0.00 ,0.00 ,0.00 ,0.00 ,0.23 ,0.50 ,0.54 ,0.20 ,0.22 ,0.23 ,0.33 ,0.54 ,0.20 ,0.29 
0.70 ,0.80 ,0.35 ,0.80 ,0.28 ,0.26 ,0.25 ,0.56 ,0.40 ,0.24 ,0.25 ,0.43 ,0.54 ,0.20 ,0.30 ,0.23 ,0.50 ,0.54 ,0.20 ,0.22 ,0.23 ,0.33 ,0.54 ,0.20 ,0.29 ,0.25 ,0.43 ,0.54 ,0.20 ,0.30 
0.68 ,0.80 ,0.35 ,0.80 ,0.30 ,0.28 ,0.27 ,0.56 ,0.45 ,0.24 ,0.27 ,0.55 ,0.54 ,0.20 ,0.30 ,0.23 ,0.33 ,0.54 ,0.20 ,0.29 ,0.25 ,0.43 ,0.54 ,0.20 ,0.30 ,0.27 ,0.55 ,0.54 ,0.20 ,0.30 
0.65 ,0.80 ,0.35 ,0.80 ,0.33 ,0.30 ,0.32 ,0.56 ,0.57 ,0.25 ,0.30 ,0.64 ,0.54 ,0.20 ,0.30 ,0.25 ,0.43 ,0.54 ,0.20 ,0.30 ,0.27 ,0.55 ,0.54 ,0.20 ,0.30 ,0.30 ,0.64 ,0.54 ,0.20 ,0.30 
0.62 ,0.80 ,0.35 ,0.80 ,0.35 ,0.31 ,0.35 ,0.56 ,0.62 ,0.26 ,0.30 ,0.46 ,0.74 ,0.21 ,0.32 ,0.27 ,0.55 ,0.54 ,0.20 ,0.30 ,0.30 ,0.64 ,0.54 ,0.20 ,0.30 ,0.30 ,0.46 ,0.74 ,0.21 ,0.32 
0.60 ,0.80 ,0.35 ,0.80 ,0.38 ,0.32 ,0.34 ,0.56 ,0.54 ,0.23 ,0.35 ,0.20 ,0.74 ,0.21 ,0.33 ,0.30 ,0.64 ,0.54 ,0.20 ,0.30 ,0.30 ,0.46 ,0.74 ,0.21 ,0.32 ,0.35 ,0.20 ,0.74 ,0.21 ,0.33 
0.57 ,0.80 ,0.35 ,0.80 ,0.40 ,0.35 ,0.38 ,0.56 ,0.60 ,0.24 ,0.37 ,0.45 ,0.74 ,0.22 ,0.36 ,0.30 ,0.46 ,0.74 ,0.21 ,0.32 ,0.35 ,0.20 ,0.74 ,0.21 ,0.33 ,0.37 ,0.45 ,0.74 ,0.22 ,0.36 
0.54 ,0.80 ,0.35 ,0.80 ,0.43 ,0.37 ,0.41 ,0.56 ,0.60 ,0.24 ,0.39 ,0.51 ,0.74 ,0.23 ,0.36 ,0.35 ,0.20 ,0.74 ,0.21 ,0.33 ,0.37 ,0.45 ,0.74 ,0.22 ,0.36 ,0.39 ,0.51 ,0.74 ,0.23 ,0.36 
0.49 ,0.80 ,0.35 ,0.80 ,0.48 ,0.39 ,0.44 ,0.56 ,0.61 ,0.24 ,0.43 ,0.51 ,0.74 ,0.27 ,0.39 ,0.37 ,0.45 ,0.74 ,0.22 ,0.36 ,0.39 ,0.51 ,0.74 ,0.23 ,0.36 ,0.43 ,0.51 ,0.74 ,0.27 ,0.39 
0.47 ,0.80 ,0.35 ,0.80 ,0.50 ,0.42 ,0.47 ,0.56 ,0.60 ,0.24 ,0.46 ,0.60 ,0.74 ,0.27 ,0.42 ,0.39 ,0.51 ,0.74 ,0.23 ,0.36 ,0.43 ,0.51 ,0.74 ,0.27 ,0.39 ,0.46 ,0.60 ,0.74 ,0.27 ,0.42 
0.39 ,0.80 ,0.35 ,0.80 ,0.58 ,0.67 ,0.68 ,0.69 ,0.51 ,0.25 ,0.58 ,0.56 ,0.74 ,0.25 ,0.43 ,0.43 ,0.51 ,0.74 ,0.27 ,0.39 ,0.46 ,0.60 ,0.74 ,0.27 ,0.42 ,0.58 ,0.56 ,0.74 ,0.25 ,0.43 
0.36 ,0.80 ,0.35 ,0.80 ,0.60 ,0.75 ,0.68 ,0.69 ,0.44 ,0.24 ,0.64 ,0.51 ,0.74 ,0.25 ,0.44 ,0.46 ,0.60 ,0.74 ,0.27 ,0.42 ,0.58 ,0.56 ,0.74 ,0.25 ,0.43 ,0.64 ,0.51 ,0.74 ,0.25 ,0.44 
0.33 ,0.80 ,0.35 ,0.80 ,0.63 ,0.78 ,0.77 ,0.80 ,0.49 ,0.25 ,0.65 ,0.61 ,0.74 ,0.26 ,0.46 ,0.58 ,0.56 ,0.74 ,0.25 ,0.43 ,0.64 ,0.51 ,0.74 ,0.25 ,0.44 ,0.65 ,0.61 ,0.74 ,0.26 ,0.46 
0.30 ,0.80 ,0.35 ,0.80 ,0.65 ,0.80 ,0.79 ,0.80 ,0.49 ,0.25 ,0.67 ,0.45 ,0.72 ,0.28 ,0.47 ,0.64 ,0.51 ,0.74 ,0.25 ,0.44 ,0.65 ,0.61 ,0.74 ,0.26 ,0.46 ,0.67 ,0.45 ,0.72 ,0.28 ,0.47 
0.28 ,0.80 ,0.35 ,0.80 ,0.68 ,0.80 ,0.80 ,0.80 ,0.49 ,0.25 ,0.68 ,0.27 ,0.72 ,0.31 ,0.48 ,0.65 ,0.61 ,0.74 ,0.26 ,0.46 ,0.67 ,0.45 ,0.72 ,0.28 ,0.47 ,0.68 ,0.27 ,0.72 ,0.31 ,0.48 
0.25 ,0.80 ,0.35 ,0.80 ,0.70 ,0.80 ,0.80 ,0.80 ,0.49 ,0.25 ,0.71 ,0.50 ,0.72 ,0.33 ,0.50 ,0.67 ,0.45 ,0.72 ,0.28 ,0.47 ,0.68 ,0.27 ,0.72 ,0.31 ,0.48 ,0.71 ,0.50 ,0.72 ,0.33 ,0.50 
0.23 ,0.80 ,0.35 ,0.80 ,0.73 ,0.80 ,0.80 ,0.80 ,0.49 ,0.24 ,0.72 ,0.50 ,0.72 ,0.33 ,0.52 ,0.68 ,0.27 ,0.72 ,0.31 ,0.48 ,0.71 ,0.50 ,0.72 ,0.33 ,0.50 ,0.72 ,0.50 ,0.72 ,0.33 ,0.52 
0.20 ,0.80 ,0.35 ,0.80 ,0.75 ,0.80 ,0.80 ,0.80 ,0.50 ,0.24 ,0.73 ,0.46 ,0.72 ,0.31 ,0.55 ,0.71 ,0.50 ,0.72 ,0.33 ,0.50 ,0.72 ,0.50 ,0.72 ,0.33 ,0.52 ,0.73 ,0.46 ,0.72 ,0.31 ,0.55 
0.78 ,0.30 ,0.73 ,0.29 ,0.21 ,0.20 ,0.20 ,0.56 ,0.20 ,0.20 ,0.22 ,0.64 ,0.54 ,0.20 ,0.20 ,0.00 ,0.00 ,0.00 ,0.00 ,0.00 ,0.00 ,0.00 ,0.00 ,0.00 ,0.00 ,0.22 ,0.64 ,0.54 ,0.20 ,0.20 
0.76 ,0.30 ,0.73 ,0.29 ,0.23 ,0.23 ,0.23 ,0.56 ,0.54 ,0.25 ,0.23 ,0.46 ,0.74 ,0.21 ,0.21 ,0.00 ,0.00 ,0.00 ,0.00 ,0.00 ,0.22 ,0.64 ,0.54 ,0.20 ,0.20 ,0.23 ,0.46 ,0.74 ,0.21 ,0.21 
0.73 ,0.30 ,0.73 ,0.29 ,0.25 ,0.25 ,0.26 ,0.56 ,0.47 ,0.24 ,0.25 ,0.20 ,0.74 ,0.21 ,0.22 ,0.22 ,0.64 ,0.54 ,0.20 ,0.20 ,0.23 ,0.46 ,0.74 ,0.21 ,0.21 ,0.25 ,0.20 ,0.74 ,0.21 ,0.22 
0.71 ,0.30 ,0.73 ,0.29 ,0.28 ,0.28 ,0.26 ,0.56 ,0.40 ,0.24 ,0.27 ,0.45 ,0.74 ,0.22 ,0.25 ,0.23 ,0.46 ,0.74 ,0.21 ,0.21 ,0.25 ,0.20 ,0.74 ,0.21 ,0.22 ,0.27 ,0.45 ,0.74 ,0.22 ,0.25 
0.69 ,0.30 ,0.73 ,0.29 ,0.30 ,0.30 ,0.26 ,0.56 ,0.33 ,0.23 ,0.28 ,0.51 ,0.74 ,0.23 ,0.25 ,0.25 ,0.20 ,0.74 ,0.21 ,0.22 ,0.27 ,0.45 ,0.74 ,0.22 ,0.25 ,0.28 ,0.51 ,0.74 ,0.23 ,0.25 
0.64 ,0.30 ,0.73 ,0.29 ,0.35 ,0.32 ,0.33 ,0.56 ,0.50 ,0.24 ,0.33 ,0.51 ,0.74 ,0.27 ,0.28 ,0.27 ,0.45 ,0.74 ,0.22 ,0.25 ,0.28 ,0.51 ,0.74 ,0.23 ,0.25 ,0.33 ,0.51 ,0.74 ,0.27 ,0.28 
0.61 ,0.30 ,0.73 ,0.29 ,0.37 ,0.35 ,0.35 ,0.57 ,0.49 ,0.24 ,0.34 ,0.60 ,0.74 ,0.27 ,0.30 ,0.28 ,0.51 ,0.74 ,0.23 ,0.25 ,0.33 ,0.51 ,0.74 ,0.27 ,0.28 ,0.34 ,0.60 ,0.74 ,0.27 ,0.30 
0.54 ,0.30 ,0.73 ,0.29 ,0.44 ,0.37 ,0.42 ,0.57 ,0.62 ,0.24 ,0.41 ,0.56 ,0.74 ,0.25 ,0.31 ,0.33 ,0.51 ,0.74 ,0.27 ,0.28 ,0.34 ,0.60 ,0.74 ,0.27 ,0.30 ,0.41 ,0.56 ,0.74 ,0.25 ,0.31 
0.52 ,0.30 ,0.73 ,0.29 ,0.46 ,0.40 ,0.42 ,0.57 ,0.54 ,0.23 ,0.44 ,0.51 ,0.74 ,0.25 ,0.32 ,0.34 ,0.60 ,0.74 ,0.27 ,0.30 ,0.41 ,0.56 ,0.74 ,0.25 ,0.31 ,0.44 ,0.51 ,0.74 ,0.25 ,0.32 
0.49 ,0.30 ,0.73 ,0.29 ,0.48 ,0.42 ,0.46 ,0.58 ,0.59 ,0.24 ,0.46 ,0.61 ,0.74 ,0.26 ,0.34 ,0.41 ,0.56 ,0.74 ,0.25 ,0.31 ,0.44 ,0.51 ,0.74 ,0.25 ,0.32 ,0.46 ,0.61 ,0.74 ,0.26 ,0.34 
0.47 ,0.30 ,0.73 ,0.29 ,0.51 ,0.45 ,0.49 ,0.56 ,0.57 ,0.24 ,0.48 ,0.45 ,0.72 ,0.28 ,0.35 ,0.44 ,0.51 ,0.74 ,0.25 ,0.32 ,0.46 ,0.61 ,0.74 ,0.26 ,0.34 ,0.48 ,0.45 ,0.72 ,0.28 ,0.35 
0.44 ,0.30 ,0.73 ,0.29 ,0.53 ,0.47 ,0.52 ,0.58 ,0.57 ,0.24 ,0.50 ,0.27 ,0.72 ,0.31 ,0.36 ,0.46 ,0.61 ,0.74 ,0.26 ,0.34 ,0.48 ,0.45 ,0.72 ,0.28 ,0.35 ,0.50 ,0.27 ,0.72 ,0.31 ,0.36 
0.42 ,0.30 ,0.73 ,0.29 ,0.55 ,0.50 ,0.54 ,0.58 ,0.56 ,0.24 ,0.51 ,0.50 ,0.72 ,0.33 ,0.38 ,0.48 ,0.45 ,0.72 ,0.28 ,0.35 ,0.50 ,0.27 ,0.72 ,0.31 ,0.36 ,0.51 ,0.50 ,0.72 ,0.33 ,0.38 
0.39 ,0.30 ,0.73 ,0.29 ,0.57 ,0.52 ,0.58 ,0.58 ,0.58 ,0.24 ,0.55 ,0.50 ,0.72 ,0.33 ,0.40 ,0.50 ,0.27 ,0.72 ,0.31 ,0.36 ,0.51 ,0.50 ,0.72 ,0.33 ,0.38 ,0.55 ,0.50 ,0.72 ,0.33 ,0.40 
0.37 ,0.30 ,0.73 ,0.29 ,0.59 ,0.56 ,0.62 ,0.58 ,0.57 ,0.24 ,0.57 ,0.46 ,0.72 ,0.31 ,0.42 ,0.51 ,0.50 ,0.72 ,0.33 ,0.38 ,0.55 ,0.50 ,0.72 ,0.33 ,0.40 ,0.57 ,0.46 ,0.72 ,0.31 ,0.42 
0.35 ,0.30 ,0.73 ,0.29 ,0.62 ,0.59 ,0.65 ,0.58 ,0.57 ,0.24 ,0.62 ,0.43 ,0.72 ,0.30 ,0.45 ,0.55 ,0.50 ,0.72 ,0.33 ,0.40 ,0.57 ,0.46 ,0.72 ,0.31 ,0.42 ,0.62 ,0.43 ,0.72 ,0.30 ,0.45 
0.32 ,0.30 ,0.73 ,0.29 ,0.64 ,0.63 ,0.70 ,0.63 ,0.57 ,0.24 ,0.65 ,0.54 ,0.72 ,0.32 ,0.47 ,0.57 ,0.46 ,0.72 ,0.31 ,0.42 ,0.62 ,0.43 ,0.72 ,0.30 ,0.45 ,0.65 ,0.54 ,0.72 ,0.32 ,0.47 
0.30 ,0.30 ,0.73 ,0.29 ,0.66 ,0.67 ,0.71 ,0.63 ,0.54 ,0.24 ,0.68 ,0.53 ,0.72 ,0.33 ,0.50 ,0.62 ,0.43 ,0.72 ,0.30 ,0.45 ,0.65 ,0.54 ,0.72 ,0.32 ,0.47 ,0.68 ,0.53 ,0.72 ,0.33 ,0.50 
0.27 ,0.30 ,0.73 ,0.29 ,0.69 ,0.72 ,0.75 ,0.63 ,0.52 ,0.24 ,0.70 ,0.58 ,0.72 ,0.33 ,0.52 ,0.65 ,0.54 ,0.72 ,0.32 ,0.47 ,0.68 ,0.53 ,0.72 ,0.33 ,0.50 ,0.70 ,0.58 ,0.72 ,0.33 ,0.52 
0.25 ,0.30 ,0.73 ,0.29 ,0.71 ,0.74 ,0.78 ,0.63 ,0.54 ,0.24 ,0.71 ,0.69 ,0.72 ,0.33 ,0.53 ,0.68 ,0.53 ,0.72 ,0.33 ,0.50 ,0.70 ,0.58 ,0.72 ,0.33 ,0.52 ,0.71 ,0.69 ,0.72 ,0.33 ,0.53 
0.22 ,0.30 ,0.73 ,0.29 ,0.73 ,0.79 ,0.79 ,0.63 ,0.50 ,0.24 ,0.76 ,0.46 ,0.72 ,0.34 ,0.54 ,0.70 ,0.58 ,0.72 ,0.33 ,0.52 ,0.71 ,0.69 ,0.72 ,0.33 ,0.53 ,0.76 ,0.46 ,0.72 ,0.34 ,0.54 
0.20 ,0.30 ,0.73 ,0.29 ,0.75 ,0.80 ,0.80 ,0.63 ,0.50 ,0.24 ,0.76 ,0.58 ,0.72 ,0.38 ,0.54 ,0.71 ,0.69 ,0.72 ,0.33 ,0.53 ,0.76 ,0.46 ,0.72 ,0.34 ,0.54 ,0.76 ,0.58 ,0.72 ,0.38 ,0.54 
0.67 ,0.35 ,0.80 ,0.38 ,0.30 ,0.25 ,0.26 ,0.56 ,0.50 ,0.23 ,0.27 ,0.51 ,0.74 ,0.25 ,0.21 ,0.00 ,0.00 ,0.00 ,0.00 ,0.00 ,0.00 ,0.00 ,0.00 ,0.00 ,0.00 ,0.27 ,0.51 ,0.74 ,0.25 ,0.21 
0.65 ,0.35 ,0.80 ,0.38 ,0.32 ,0.32 ,0.32 ,0.56 ,0.50 ,0.26 ,0.28 ,0.61 ,0.74 ,0.26 ,0.23 ,0.00 ,0.00 ,0.00 ,0.00 ,0.00 ,0.27 ,0.51 ,0.74 ,0.25 ,0.21 ,0.28 ,0.61 ,0.74 ,0.26 ,0.23 
0.63 ,0.35 ,0.80 ,0.38 ,0.34 ,0.34 ,0.34 ,0.56 ,0.50 ,0.26 ,0.30 ,0.45 ,0.72 ,0.28 ,0.24 ,0.27 ,0.51 ,0.74 ,0.25 ,0.21 ,0.28 ,0.61 ,0.74 ,0.26 ,0.23 ,0.30 ,0.45 ,0.72 ,0.28 ,0.24 
0.61 ,0.35 ,0.80 ,0.38 ,0.36 ,0.36 ,0.36 ,0.56 ,0.50 ,0.26 ,0.32 ,0.27 ,0.72 ,0.31 ,0.25 ,0.28 ,0.61 ,0.74 ,0.26 ,0.23 ,0.30 ,0.45 ,0.72 ,0.28 ,0.24 ,0.32 ,0.27 ,0.72 ,0.31 ,0.25 
0.58 ,0.35 ,0.80 ,0.38 ,0.38 ,0.38 ,0.39 ,0.56 ,0.50 ,0.26 ,0.34 ,0.50 ,0.72 ,0.33 ,0.27 ,0.30 ,0.45 ,0.72 ,0.28 ,0.24 ,0.32 ,0.27 ,0.72 ,0.31 ,0.25 ,0.34 ,0.50 ,0.72 ,0.33 ,0.27 
0.56 ,0.35 ,0.80 ,0.38 ,0.40 ,0.41 ,0.41 ,0.56 ,0.50 ,0.26 ,0.36 ,0.50 ,0.72 ,0.33 ,0.29 ,0.32 ,0.27 ,0.72 ,0.31 ,0.25 ,0.34 ,0.50 ,0.72 ,0.33 ,0.27 ,0.36 ,0.50 ,0.72 ,0.33 ,0.29 
0.54 ,0.35 ,0.80 ,0.38 ,0.42 ,0.42 ,0.43 ,0.56 ,0.50 ,0.25 ,0.38 ,0.46 ,0.72 ,0.31 ,0.30 ,0.34 ,0.50 ,0.72 ,0.33 ,0.27 ,0.36 ,0.50 ,0.72 ,0.33 ,0.29 ,0.38 ,0.46 ,0.72 ,0.31 ,0.30 
0.52 ,0.35 ,0.80 ,0.38 ,0.44 ,0.47 ,0.47 ,0.56 ,0.50 ,0.25 ,0.41 ,0.43 ,0.72 ,0.30 ,0.33 ,0.36 ,0.50 ,0.72 ,0.33 ,0.29 ,0.38 ,0.46 ,0.72 ,0.31 ,0.30 ,0.41 ,0.43 ,0.72 ,0.30 ,0.33 
0.49 ,0.35 ,0.80 ,0.38 ,0.46 ,0.50 ,0.50 ,0.56 ,0.50 ,0.25 ,0.42 ,0.54 ,0.72 ,0.32 ,0.35 ,0.38 ,0.46 ,0.72 ,0.31 ,0.30 ,0.41 ,0.43 ,0.72 ,0.30 ,0.33 ,0.42 ,0.54 ,0.72 ,0.32 ,0.35 
0.47 ,0.35 ,0.80 ,0.38 ,0.49 ,0.53 ,0.55 ,0.56 ,0.51 ,0.26 ,0.44 ,0.53 ,0.72 ,0.33 ,0.38 ,0.41 ,0.43 ,0.72 ,0.30 ,0.33 ,0.42 ,0.54 ,0.72 ,0.32 ,0.35 ,0.44 ,0.53 ,0.72 ,0.33 ,0.38 
0.45 ,0.35 ,0.80 ,0.38 ,0.51 ,0.56 ,0.56 ,0.56 ,0.48 ,0.26 ,0.46 ,0.58 ,0.72 ,0.33 ,0.40 ,0.42 ,0.54 ,0.72 ,0.32 ,0.35 ,0.44 ,0.53 ,0.72 ,0.33 ,0.38 ,0.46 ,0.58 ,0.72 ,0.33 ,0.40 
0.43 ,0.35 ,0.80 ,0.38 ,0.53 ,0.60 ,0.59 ,0.56 ,0.48 ,0.26 ,0.48 ,0.69 ,0.72 ,0.33 ,0.41 ,0.44 ,0.53 ,0.72 ,0.33 ,0.38 ,0.46 ,0.58 ,0.72 ,0.33 ,0.40 ,0.48 ,0.69 ,0.72 ,0.33 ,0.41 
0.40 ,0.35 ,0.80 ,0.38 ,0.55 ,0.62 ,0.63 ,0.56 ,0.51 ,0.26 ,0.50 ,0.46 ,0.72 ,0.34 ,0.41 ,0.46 ,0.58 ,0.72 ,0.33 ,0.40 ,0.48 ,0.69 ,0.72 ,0.33 ,0.41 ,0.50 ,0.46 ,0.72 ,0.34 ,0.41 
0.38 ,0.35 ,0.80 ,0.38 ,0.57 ,0.67 ,0.66 ,0.56 ,0.49 ,0.26 ,0.53 ,0.58 ,0.72 ,0.38 ,0.41 ,0.48 ,0.69 ,0.72 ,0.33 ,0.41 ,0.50 ,0.46 ,0.72 ,0.34 ,0.41 ,0.53 ,0.58 ,0.72 ,0.38 ,0.41 
0.36 ,0.35 ,0.80 ,0.38 ,0.59 ,0.71 ,0.70 ,0.56 ,0.49 ,0.26 ,0.54 ,0.36 ,0.76 ,0.44 ,0.43 ,0.50 ,0.46 ,0.72 ,0.34 ,0.41 ,0.53 ,0.58 ,0.72 ,0.38 ,0.41 ,0.54 ,0.36 ,0.76 ,0.44 ,0.43 
0.34 ,0.35 ,0.80 ,0.38 ,0.61 ,0.73 ,0.72 ,0.56 ,0.49 ,0.26 ,0.56 ,0.45 ,0.76 ,0.55 ,0.45 ,0.53 ,0.58 ,0.72 ,0.38 ,0.41 ,0.54 ,0.36 ,0.76 ,0.44 ,0.43 ,0.56 ,0.45 ,0.76 ,0.55 ,0.45 
0.31 ,0.35 ,0.80 ,0.38 ,0.63 ,0.75 ,0.75 ,0.56 ,0.50 ,0.26 ,0.57 ,0.48 ,0.76 ,0.60 ,0.48 ,0.54 ,0.36 ,0.76 ,0.44 ,0.43 ,0.56 ,0.45 ,0.76 ,0.55 ,0.45 ,0.57 ,0.48 ,0.76 ,0.60 ,0.48 
0.29 ,0.35 ,0.80 ,0.38 ,0.66 ,0.76 ,0.76 ,0.56 ,0.50 ,0.26 ,0.58 ,0.53 ,0.76 ,0.58 ,0.50 ,0.56 ,0.45 ,0.76 ,0.55 ,0.45 ,0.57 ,0.48 ,0.76 ,0.60 ,0.48 ,0.58 ,0.53 ,0.76 ,0.58 ,0.50 
0.27 ,0.35 ,0.80 ,0.38 ,0.68 ,0.76 ,0.76 ,0.56 ,0.50 ,0.26 ,0.59 ,0.66 ,0.76 ,0.57 ,0.53 ,0.57 ,0.48 ,0.76 ,0.60 ,0.48 ,0.58 ,0.53 ,0.76 ,0.58 ,0.50 ,0.59 ,0.66 ,0.76 ,0.57 ,0.53 
0.25 ,0.35 ,0.80 ,0.38 ,0.70 ,0.79 ,0.78 ,0.56 ,0.49 ,0.26 ,0.59 ,0.54 ,0.76 ,0.55 ,0.54 ,0.58 ,0.53 ,0.76 ,0.58 ,0.50 ,0.59 ,0.66 ,0.76 ,0.57 ,0.53 ,0.59 ,0.54 ,0.76 ,0.55 ,0.54 
0.22 ,0.35 ,0.80 ,0.38 ,0.72 ,0.80 ,0.79 ,0.56 ,0.49 ,0.26 ,0.60 ,0.66 ,0.76 ,0.59 ,0.56 ,0.59 ,0.66 ,0.76 ,0.57 ,0.53 ,0.59 ,0.54 ,0.76 ,0.55 ,0.54 ,0.60 ,0.66 ,0.76 ,0.59 ,0.56 
0.20 ,0.35 ,0.80 ,0.38 ,0.74 ,0.80 ,0.80 ,0.56 ,0.50 ,0.26 ,0.61 ,0.72 ,0.76 ,0.61 ,0.60 ,0.59 ,0.54 ,0.76 ,0.55 ,0.54 ,0.60 ,0.66 ,0.76 ,0.59 ,0.56 ,0.61 ,0.72 ,0.76 ,0.61 ,0.60 
0.70 ,0.21 ,0.35 ,0.20 ,0.27 ,0.26 ,0.27 ,0.56 ,0.50 ,0.31 ,0.23 ,0.53 ,0.72 ,0.33 ,0.26 ,0.00 ,0.00 ,0.00 ,0.00 ,0.00 ,0.00 ,0.00 ,0.00 ,0.00 ,0.00 ,0.23 ,0.53 ,0.72 ,0.33 ,0.26 
0.67 ,0.21 ,0.35 ,0.20 ,0.30 ,0.31 ,0.31 ,0.56 ,0.50 ,0.30 ,0.25 ,0.58 ,0.72 ,0.33 ,0.29 ,0.00 ,0.00 ,0.00 ,0.00 ,0.00 ,0.23 ,0.53 ,0.72 ,0.33 ,0.26 ,0.25 ,0.58 ,0.72 ,0.33 ,0.29 
0.64 ,0.21 ,0.35 ,0.20 ,0.33 ,0.35 ,0.35 ,0.56 ,0.50 ,0.27 ,0.30 ,0.69 ,0.72 ,0.33 ,0.30 ,0.23 ,0.53 ,0.72 ,0.33 ,0.26 ,0.25 ,0.58 ,0.72 ,0.33 ,0.29 ,0.30 ,0.69 ,0.72 ,0.33 ,0.30 
0.61 ,0.21 ,0.35 ,0.20 ,0.36 ,0.37 ,0.37 ,0.56 ,0.49 ,0.26 ,0.33 ,0.46 ,0.72 ,0.34 ,0.31 ,0.25 ,0.58 ,0.72 ,0.33 ,0.29 ,0.30 ,0.69 ,0.72 ,0.33 ,0.30 ,0.33 ,0.46 ,0.72 ,0.34 ,0.31 
0.57 ,0.21 ,0.35 ,0.20 ,0.38 ,0.40 ,0.40 ,0.56 ,0.49 ,0.25 ,0.35 ,0.58 ,0.72 ,0.38 ,0.31 ,0.30 ,0.69 ,0.72 ,0.33 ,0.30 ,0.33 ,0.46 ,0.72 ,0.34 ,0.31 ,0.35 ,0.58 ,0.72 ,0.38 ,0.31 
0.54 ,0.21 ,0.35 ,0.20 ,0.41 ,0.43 ,0.41 ,0.56 ,0.47 ,0.25 ,0.37 ,0.36 ,0.76 ,0.44 ,0.33 ,0.33 ,0.46 ,0.72 ,0.34 ,0.31 ,0.35 ,0.58 ,0.72 ,0.38 ,0.31 ,0.37 ,0.36 ,0.76 ,0.44 ,0.33 
0.51 ,0.21 ,0.35 ,0.20 ,0.44 ,0.47 ,0.46 ,0.56 ,0.47 ,0.26 ,0.37 ,0.45 ,0.76 ,0.55 ,0.36 ,0.35 ,0.58 ,0.72 ,0.38 ,0.31 ,0.37 ,0.36 ,0.76 ,0.44 ,0.33 ,0.37 ,0.45 ,0.76 ,0.55 ,0.36 
0.48 ,0.21 ,0.35 ,0.20 ,0.47 ,0.53 ,0.50 ,0.56 ,0.44 ,0.26 ,0.39 ,0.48 ,0.76 ,0.60 ,0.40 ,0.37 ,0.36 ,0.76 ,0.44 ,0.33 ,0.37 ,0.45 ,0.76 ,0.55 ,0.36 ,0.39 ,0.48 ,0.76 ,0.60 ,0.40 
0.45 ,0.21 ,0.35 ,0.20 ,0.50 ,0.59 ,0.55 ,0.56 ,0.44 ,0.27 ,0.42 ,0.53 ,0.76 ,0.58 ,0.42 ,0.37 ,0.45 ,0.76 ,0.55 ,0.36 ,0.39 ,0.48 ,0.76 ,0.60 ,0.40 ,0.42 ,0.53 ,0.76 ,0.58 ,0.42 
0.42 ,0.21 ,0.35 ,0.20 ,0.53 ,0.68 ,0.61 ,0.56 ,0.42 ,0.26 ,0.47 ,0.66 ,0.76 ,0.57 ,0.47 ,0.39 ,0.48 ,0.76 ,0.60 ,0.40 ,0.42 ,0.53 ,0.76 ,0.58 ,0.42 ,0.47 ,0.66 ,0.76 ,0.57 ,0.47 
0.39 ,0.21 ,0.35 ,0.20 ,0.56 ,0.70 ,0.64 ,0.56 ,0.44 ,0.26 ,0.51 ,0.54 ,0.76 ,0.55 ,0.48 ,0.42 ,0.53 ,0.76 ,0.58 ,0.42 ,0.47 ,0.66 ,0.76 ,0.57 ,0.47 ,0.51 ,0.54 ,0.76 ,0.55 ,0.48 
0.36 ,0.21 ,0.35 ,0.20 ,0.59 ,0.73 ,0.70 ,0.56 ,0.47 ,0.26 ,0.53 ,0.66 ,0.76 ,0.59 ,0.51 ,0.47 ,0.66 ,0.76 ,0.57 ,0.47 ,0.51 ,0.54 ,0.76 ,0.55 ,0.48 ,0.53 ,0.66 ,0.76 ,0.59 ,0.51 
0.32 ,0.21 ,0.35 ,0.20 ,0.62 ,0.74 ,0.73 ,0.56 ,0.49 ,0.26 ,0.57 ,0.72 ,0.76 ,0.61 ,0.56 ,0.51 ,0.54 ,0.76 ,0.55 ,0.48 ,0.53 ,0.66 ,0.76 ,0.59 ,0.51 ,0.57 ,0.72 ,0.76 ,0.61 ,0.56 
0.29 ,0.21 ,0.35 ,0.20 ,0.65 ,0.77 ,0.76 ,0.56 ,0.49 ,0.26 ,0.59 ,0.43 ,0.76 ,0.61 ,0.56 ,0.53 ,0.66 ,0.76 ,0.59 ,0.51 ,0.57 ,0.72 ,0.76 ,0.61 ,0.56 ,0.59 ,0.43 ,0.76 ,0.61 ,0.56 
0.26 ,0.21 ,0.35 ,0.20 ,0.68 ,0.79 ,0.78 ,0.56 ,0.49 ,0.26 ,0.63 ,0.71 ,0.76 ,0.62 ,0.58 ,0.57 ,0.72 ,0.76 ,0.61 ,0.56 ,0.59 ,0.43 ,0.76 ,0.61 ,0.56 ,0.63 ,0.71 ,0.76 ,0.62 ,0.58 
0.23 ,0.21 ,0.35 ,0.20 ,0.71 ,0.80 ,0.79 ,0.56 ,0.49 ,0.25 ,0.65 ,0.53 ,0.76 ,0.61 ,0.58 ,0.59 ,0.43 ,0.76 ,0.61 ,0.56 ,0.63 ,0.71 ,0.76 ,0.62 ,0.58 ,0.65 ,0.53 ,0.76 ,0.61 ,0.58 
0.20 ,0.21 ,0.35 ,0.20 ,0.74 ,0.80 ,0.80 ,0.56 ,0.50 ,0.24 ,0.73 ,0.70 ,0.76 ,0.59 ,0.60 ,0.63 ,0.71 ,0.76 ,0.62 ,0.58 ,0.65 ,0.53 ,0.76 ,0.61 ,0.58 ,0.73 ,0.70 ,0.76 ,0.59 ,0.60 
0.79 ,0.27 ,0.65 ,0.36 ,0.20 ,0.20 ,0.20 ,0.56 ,0.50 ,0.57 ,0.20 ,0.48 ,0.76 ,0.60 ,0.22 ,0.00 ,0.00 ,0.00 ,0.00 ,0.00 ,0.00 ,0.00 ,0.00 ,0.00 ,0.00 ,0.20 ,0.48 ,0.76 ,0.60 ,0.22 
0.77 ,0.27 ,0.65 ,0.36 ,0.22 ,0.21 ,0.21 ,0.56 ,0.50 ,0.22 ,0.22 ,0.53 ,0.76 ,0.58 ,0.24 ,0.00 ,0.00 ,0.00 ,0.00 ,0.00 ,0.20 ,0.48 ,0.76 ,0.60 ,0.22 ,0.22 ,0.53 ,0.76 ,0.58 ,0.24 
0.75 ,0.27 ,0.65 ,0.36 ,0.24 ,0.24 ,0.23 ,0.56 ,0.34 ,0.24 ,0.23 ,0.66 ,0.76 ,0.57 ,0.28 ,0.20 ,0.48 ,0.76 ,0.60 ,0.22 ,0.22 ,0.53 ,0.76 ,0.58 ,0.24 ,0.23 ,0.66 ,0.76 ,0.57 ,0.28 
0.72 ,0.27 ,0.65 ,0.36 ,0.26 ,0.27 ,0.26 ,0.56 ,0.40 ,0.25 ,0.26 ,0.54 ,0.76 ,0.55 ,0.29 ,0.22 ,0.53 ,0.76 ,0.58 ,0.24 ,0.23 ,0.66 ,0.76 ,0.57 ,0.28 ,0.26 ,0.54 ,0.76 ,0.55 ,0.29 
0.70 ,0.27 ,0.65 ,0.36 ,0.29 ,0.30 ,0.29 ,0.56 ,0.46 ,0.25 ,0.28 ,0.66 ,0.76 ,0.59 ,0.31 ,0.23 ,0.66 ,0.76 ,0.57 ,0.28 ,0.26 ,0.54 ,0.76 ,0.55 ,0.29 ,0.28 ,0.66 ,0.76 ,0.59 ,0.31 
0.68 ,0.27 ,0.65 ,0.36 ,0.31 ,0.31 ,0.31 ,0.56 ,0.48 ,0.24 ,0.30 ,0.72 ,0.76 ,0.61 ,0.34 ,0.26 ,0.54 ,0.76 ,0.55 ,0.29 ,0.28 ,0.66 ,0.76 ,0.59 ,0.31 ,0.30 ,0.72 ,0.76 ,0.61 ,0.34 
0.65 ,0.27 ,0.65 ,0.36 ,0.33 ,0.32 ,0.32 ,0.56 ,0.49 ,0.24 ,0.32 ,0.43 ,0.76 ,0.61 ,0.39 ,0.28 ,0.66 ,0.76 ,0.59 ,0.31 ,0.30 ,0.72 ,0.76 ,0.61 ,0.34 ,0.32 ,0.43 ,0.76 ,0.61 ,0.39 
0.63 ,0.27 ,0.65 ,0.36 ,0.35 ,0.34 ,0.34 ,0.56 ,0.50 ,0.24 ,0.34 ,0.71 ,0.76 ,0.62 ,0.40 ,0.30 ,0.72 ,0.76 ,0.61 ,0.34 ,0.32 ,0.43 ,0.76 ,0.61 ,0.39 ,0.34 ,0.71 ,0.76 ,0.62 ,0.40 
0.61 ,0.27 ,0.65 ,0.36 ,0.37 ,0.35 ,0.35 ,0.65 ,0.48 ,0.24 ,0.35 ,0.53 ,0.76 ,0.61 ,0.40 ,0.32 ,0.43 ,0.76 ,0.61 ,0.39 ,0.34 ,0.71 ,0.76 ,0.62 ,0.40 ,0.35 ,0.53 ,0.76 ,0.61 ,0.40 
0.59 ,0.27 ,0.65 ,0.36 ,0.39 ,0.37 ,0.37 ,0.65 ,0.50 ,0.23 ,0.38 ,0.70 ,0.76 ,0.59 ,0.41 ,0.34 ,0.71 ,0.76 ,0.62 ,0.40 ,0.35 ,0.53 ,0.76 ,0.61 ,0.40 ,0.38 ,0.70 ,0.76 ,0.59 ,0.41 
0.56 ,0.27 ,0.65 ,0.36 ,0.41 ,0.39 ,0.39 ,0.65 ,0.50 ,0.23 ,0.41 ,0.49 ,0.60 ,0.58 ,0.43 ,0.35 ,0.53 ,0.76 ,0.61 ,0.40 ,0.38 ,0.70 ,0.76 ,0.59 ,0.41 ,0.41 ,0.49 ,0.60 ,0.58 ,0.43 
0.54 ,0.27 ,0.65 ,0.36 ,0.43 ,0.40 ,0.41 ,0.65 ,0.50 ,0.23 ,0.42 ,0.33 ,0.60 ,0.59 ,0.46 ,0.38 ,0.70 ,0.76 ,0.59 ,0.41 ,0.41 ,0.49 ,0.60 ,0.58 ,0.43 ,0.42 ,0.33 ,0.60 ,0.59 ,0.46 
0.50 ,0.27 ,0.65 ,0.36 ,0.48 ,0.44 ,0.44 ,0.65 ,0.50 ,0.24 ,0.44 ,0.54 ,0.60 ,0.59 ,0.47 ,0.41 ,0.49 ,0.60 ,0.58 ,0.43 ,0.42 ,0.33 ,0.60 ,0.59 ,0.46 ,0.44 ,0.54 ,0.60 ,0.59 ,0.47 
0.47 ,0.27 ,0.65 ,0.36 ,0.50 ,0.46 ,0.46 ,0.65 ,0.50 ,0.24 ,0.46 ,0.60 ,0.60 ,0.58 ,0.51 ,0.42 ,0.33 ,0.60 ,0.59 ,0.46 ,0.44 ,0.54 ,0.60 ,0.59 ,0.47 ,0.46 ,0.60 ,0.60 ,0.58 ,0.51 
0.45 ,0.27 ,0.65 ,0.36 ,0.52 ,0.48 ,0.49 ,0.65 ,0.51 ,0.24 ,0.48 ,0.55 ,0.60 ,0.55 ,0.54 ,0.44 ,0.54 ,0.60 ,0.59 ,0.47 ,0.46 ,0.60 ,0.60 ,0.58 ,0.51 ,0.48 ,0.55 ,0.60 ,0.55 ,0.54 
0.43 ,0.27 ,0.65 ,0.36 ,0.54 ,0.50 ,0.52 ,0.65 ,0.52 ,0.24 ,0.49 ,0.68 ,0.60 ,0.55 ,0.57 ,0.46 ,0.60 ,0.60 ,0.58 ,0.51 ,0.48 ,0.55 ,0.60 ,0.55 ,0.54 ,0.49 ,0.68 ,0.60 ,0.55 ,0.57 
0.40 ,0.27 ,0.65 ,0.36 ,0.56 ,0.52 ,0.53 ,0.65 ,0.50 ,0.24 ,0.52 ,0.68 ,0.60 ,0.56 ,0.61 ,0.48 ,0.55 ,0.60 ,0.55 ,0.54 ,0.49 ,0.68 ,0.60 ,0.55 ,0.57 ,0.52 ,0.68 ,0.60 ,0.56 ,0.61 
0.38 ,0.27 ,0.65 ,0.36 ,0.58 ,0.56 ,0.56 ,0.65 ,0.49 ,0.24 ,0.55 ,0.48 ,0.60 ,0.57 ,0.63 ,0.49 ,0.68 ,0.60 ,0.55 ,0.57 ,0.52 ,0.68 ,0.60 ,0.56 ,0.61 ,0.55 ,0.48 ,0.60 ,0.57 ,0.63 
0.36 ,0.27 ,0.65 ,0.36 ,0.61 ,0.60 ,0.60 ,0.79 ,0.50 ,0.24 ,0.57 ,0.52 ,0.60 ,0.57 ,0.65 ,0.52 ,0.68 ,0.60 ,0.56 ,0.61 ,0.55 ,0.48 ,0.60 ,0.57 ,0.63 ,0.57 ,0.52 ,0.60 ,0.57 ,0.65 
0.34 ,0.27 ,0.65 ,0.36 ,0.63 ,0.65 ,0.65 ,0.79 ,0.49 ,0.24 ,0.61 ,0.57 ,0.60 ,0.57 ,0.65 ,0.55 ,0.48 ,0.60 ,0.57 ,0.63 ,0.57 ,0.52 ,0.60 ,0.57 ,0.65 ,0.61 ,0.57 ,0.60 ,0.57 ,0.65 
0.31 ,0.27 ,0.65 ,0.36 ,0.65 ,0.70 ,0.70 ,0.79 ,0.49 ,0.24 ,0.64 ,0.61 ,0.60 ,0.57 ,0.67 ,0.57 ,0.52 ,0.60 ,0.57 ,0.65 ,0.61 ,0.57 ,0.60 ,0.57 ,0.65 ,0.64 ,0.61 ,0.60 ,0.57 ,0.67 
0.29 ,0.27 ,0.65 ,0.36 ,0.67 ,0.72 ,0.73 ,0.79 ,0.50 ,0.24 ,0.66 ,0.46 ,0.59 ,0.57 ,0.68 ,0.61 ,0.57 ,0.60 ,0.57 ,0.65 ,0.64 ,0.61 ,0.60 ,0.57 ,0.67 ,0.66 ,0.46 ,0.59 ,0.57 ,0.68 
0.27 ,0.27 ,0.65 ,0.36 ,0.69 ,0.74 ,0.75 ,0.79 ,0.50 ,0.24 ,0.67 ,0.33 ,0.59 ,0.58 ,0.69 ,0.64 ,0.61 ,0.60 ,0.57 ,0.67 ,0.66 ,0.46 ,0.59 ,0.57 ,0.68 ,0.67 ,0.33 ,0.59 ,0.58 ,0.69 
0.25 ,0.27 ,0.65 ,0.36 ,0.71 ,0.77 ,0.77 ,0.79 ,0.50 ,0.24 ,0.69 ,0.63 ,0.59 ,0.61 ,0.72 ,0.66 ,0.46 ,0.59 ,0.57 ,0.68 ,0.67 ,0.33 ,0.59 ,0.58 ,0.69 ,0.69 ,0.63 ,0.59 ,0.61 ,0.72 
0.22 ,0.27 ,0.65 ,0.36 ,0.73 ,0.79 ,0.79 ,0.79 ,0.50 ,0.25 ,0.69 ,0.43 ,0.61 ,0.65 ,0.75 ,0.67 ,0.33 ,0.59 ,0.58 ,0.69 ,0.69 ,0.63 ,0.59 ,0.61 ,0.72 ,0.69 ,0.43 ,0.61 ,0.65 ,0.75 
0.20 ,0.27 ,0.65 ,0.36 ,0.75 ,0.80 ,0.80 ,0.79 ,0.50 ,0.24 ,0.73 ,0.64 ,0.61 ,0.71 ,0.78 ,0.69 ,0.63 ,0.59 ,0.61 ,0.72 ,0.69 ,0.43 ,0.61 ,0.65 ,0.75 ,0.73 ,0.64 ,0.61 ,0.71 ,0.78 
0.72 ,0.24 ,0.50 ,0.28 ,0.25 ,0.23 ,0.23 ,0.56 ,0.47 ,0.28 ,0.22 ,0.66 ,0.76 ,0.57 ,0.23 ,0.00 ,0.00 ,0.00 ,0.00 ,0.00 ,0.00 ,0.00 ,0.00 ,0.00 ,0.00 ,0.22 ,0.66 ,0.76 ,0.57 ,0.23 
0.69 ,0.24 ,0.50 ,0.28 ,0.26 ,0.26 ,0.27 ,0.56 ,0.52 ,0.28 ,0.24 ,0.54 ,0.76 ,0.55 ,0.24 ,0.00 ,0.00 ,0.00 ,0.00 ,0.00 ,0.22 ,0.66 ,0.76 ,0.57 ,0.23 ,0.24 ,0.54 ,0.76 ,0.55 ,0.24 
0.67 ,0.24 ,0.50 ,0.28 ,0.28 ,0.28 ,0.29 ,0.56 ,0.50 ,0.25 ,0.27 ,0.66 ,0.76 ,0.59 ,0.25 ,0.22 ,0.66 ,0.76 ,0.57 ,0.23 ,0.24 ,0.54 ,0.76 ,0.55 ,0.24 ,0.27 ,0.66 ,0.76 ,0.59 ,0.25 
0.65 ,0.24 ,0.50 ,0.28 ,0.30 ,0.30 ,0.30 ,0.56 ,0.50 ,0.25 ,0.29 ,0.72 ,0.76 ,0.61 ,0.29 ,0.24 ,0.54 ,0.76 ,0.55 ,0.24 ,0.27 ,0.66 ,0.76 ,0.59 ,0.25 ,0.29 ,0.72 ,0.76 ,0.61 ,0.29 
0.63 ,0.24 ,0.50 ,0.28 ,0.32 ,0.33 ,0.32 ,0.57 ,0.47 ,0.25 ,0.30 ,0.43 ,0.76 ,0.61 ,0.33 ,0.27 ,0.66 ,0.76 ,0.59 ,0.25 ,0.29 ,0.72 ,0.76 ,0.61 ,0.29 ,0.30 ,0.43 ,0.76 ,0.61 ,0.33 
0.61 ,0.24 ,0.50 ,0.28 ,0.34 ,0.36 ,0.36 ,0.57 ,0.50 ,0.25 ,0.33 ,0.71 ,0.76 ,0.62 ,0.34 ,0.29 ,0.72 ,0.76 ,0.61 ,0.29 ,0.30 ,0.43 ,0.76 ,0.61 ,0.33 ,0.33 ,0.71 ,0.76 ,0.62 ,0.34 
0.59 ,0.24 ,0.50 ,0.28 ,0.36 ,0.38 ,0.39 ,0.57 ,0.49 ,0.25 ,0.35 ,0.53 ,0.76 ,0.61 ,0.34 ,0.30 ,0.43 ,0.76 ,0.61 ,0.33 ,0.33 ,0.71 ,0.76 ,0.62 ,0.34 ,0.35 ,0.53 ,0.76 ,0.61 ,0.34 
0.57 ,0.24 ,0.50 ,0.28 ,0.38 ,0.41 ,0.41 ,0.57 ,0.50 ,0.25 ,0.38 ,0.70 ,0.76 ,0.59 ,0.35 ,0.33 ,0.71 ,0.76 ,0.62 ,0.34 ,0.35 ,0.53 ,0.76 ,0.61 ,0.34 ,0.38 ,0.70 ,0.76 ,0.59 ,0.35 
0.55 ,0.24 ,0.50 ,0.28 ,0.40 ,0.44 ,0.44 ,0.57 ,0.50 ,0.25 ,0.41 ,0.49 ,0.60 ,0.58 ,0.36 ,0.35 ,0.53 ,0.76 ,0.61 ,0.34 ,0.38 ,0.70 ,0.76 ,0.59 ,0.35 ,0.41 ,0.49 ,0.60 ,0.58 ,0.36 
0.53 ,0.24 ,0.50 ,0.28 ,0.42 ,0.44 ,0.44 ,0.57 ,0.50 ,0.24 ,0.43 ,0.33 ,0.60 ,0.59 ,0.39 ,0.38 ,0.70 ,0.76 ,0.59 ,0.35 ,0.41 ,0.49 ,0.60 ,0.58 ,0.36 ,0.43 ,0.33 ,0.60 ,0.59 ,0.39 
0.49 ,0.24 ,0.50 ,0.28 ,0.46 ,0.50 ,0.50 ,0.57 ,0.49 ,0.24 ,0.48 ,0.54 ,0.60 ,0.59 ,0.41 ,0.41 ,0.49 ,0.60 ,0.58 ,0.36 ,0.43 ,0.33 ,0.60 ,0.59 ,0.39 ,0.48 ,0.54 ,0.60 ,0.59 ,0.41 
0.47 ,0.24 ,0.50 ,0.28 ,0.48 ,0.53 ,0.52 ,0.57 ,0.47 ,0.24 ,0.49 ,0.60 ,0.60 ,0.58 ,0.44 ,0.43 ,0.33 ,0.60 ,0.59 ,0.39 ,0.48 ,0.54 ,0.60 ,0.59 ,0.41 ,0.49 ,0.60 ,0.60 ,0.58 ,0.44 
0.45 ,0.24 ,0.50 ,0.28 ,0.50 ,0.56 ,0.55 ,0.57 ,0.48 ,0.24 ,0.52 ,0.55 ,0.60 ,0.55 ,0.47 ,0.48 ,0.54 ,0.60 ,0.59 ,0.41 ,0.49 ,0.60 ,0.60 ,0.58 ,0.44 ,0.52 ,0.55 ,0.60 ,0.55 ,0.47 
0.43 ,0.24 ,0.50 ,0.28 ,0.52 ,0.59 ,0.58 ,0.57 ,0.49 ,0.24 ,0.54 ,0.68 ,0.60 ,0.55 ,0.49 ,0.49 ,0.60 ,0.60 ,0.58 ,0.44 ,0.52 ,0.55 ,0.60 ,0.55 ,0.47 ,0.54 ,0.68 ,0.60 ,0.55 ,0.49 
0.41 ,0.24 ,0.50 ,0.28 ,0.53 ,0.62 ,0.61 ,0.57 ,0.49 ,0.24 ,0.57 ,0.68 ,0.60 ,0.56 ,0.53 ,0.52 ,0.55 ,0.60 ,0.55 ,0.47 ,0.54 ,0.68 ,0.60 ,0.55 ,0.49 ,0.57 ,0.68 ,0.60 ,0.56 ,0.53 
0.38 ,0.24 ,0.50 ,0.28 ,0.55 ,0.65 ,0.64 ,0.57 ,0.49 ,0.24 ,0.59 ,0.48 ,0.60 ,0.57 ,0.55 ,0.54 ,0.68 ,0.60 ,0.55 ,0.49 ,0.57 ,0.68 ,0.60 ,0.56 ,0.53 ,0.59 ,0.48 ,0.60 ,0.57 ,0.55 
0.36 ,0.24 ,0.50 ,0.28 ,0.57 ,0.66 ,0.66 ,0.43 ,0.49 ,0.24 ,0.63 ,0.52 ,0.60 ,0.57 ,0.56 ,0.57 ,0.68 ,0.60 ,0.56 ,0.53 ,0.59 ,0.48 ,0.60 ,0.57 ,0.55 ,0.63 ,0.52 ,0.60 ,0.57 ,0.56 
0.34 ,0.24 ,0.50 ,0.28 ,0.59 ,0.69 ,0.70 ,0.43 ,0.50 ,0.24 ,0.66 ,0.57 ,0.60 ,0.57 ,0.57 ,0.59 ,0.48 ,0.60 ,0.57 ,0.55 ,0.63 ,0.52 ,0.60 ,0.57 ,0.56 ,0.66 ,0.57 ,0.60 ,0.57 ,0.57 
0.32 ,0.24 ,0.50 ,0.28 ,0.61 ,0.72 ,0.72 ,0.43 ,0.49 ,0.24 ,0.67 ,0.61 ,0.60 ,0.57 ,0.58 ,0.63 ,0.52 ,0.60 ,0.57 ,0.56 ,0.66 ,0.57 ,0.60 ,0.57 ,0.57 ,0.67 ,0.61 ,0.60 ,0.57 ,0.58 
0.30 ,0.24 ,0.50 ,0.28 ,0.63 ,0.75 ,0.74 ,0.43 ,0.49 ,0.24 ,0.70 ,0.46 ,0.59 ,0.57 ,0.59 ,0.66 ,0.57 ,0.60 ,0.57 ,0.57 ,0.67 ,0.61 ,0.60 ,0.57 ,0.58 ,0.70 ,0.46 ,0.59 ,0.57 ,0.59 
0.28 ,0.24 ,0.50 ,0.28 ,0.65 ,0.76 ,0.76 ,0.43 ,0.50 ,0.24 ,0.71 ,0.33 ,0.59 ,0.58 ,0.60 ,0.67 ,0.61 ,0.60 ,0.57 ,0.58 ,0.70 ,0.46 ,0.59 ,0.57 ,0.59 ,0.71 ,0.33 ,0.59 ,0.58 ,0.60 
0.26 ,0.24 ,0.50 ,0.28 ,0.67 ,0.77 ,0.77 ,0.43 ,0.50 ,0.24 ,0.73 ,0.63 ,0.59 ,0.61 ,0.63 ,0.70 ,0.46 ,0.59 ,0.57 ,0.59 ,0.71 ,0.33 ,0.59 ,0.58 ,0.60 ,0.73 ,0.63 ,0.59 ,0.61 ,0.63 
0.24 ,0.24 ,0.50 ,0.28 ,0.69 ,0.78 ,0.78 ,0.43 ,0.50 ,0.24 ,0.71 ,0.43 ,0.61 ,0.65 ,0.65 ,0.71 ,0.33 ,0.59 ,0.58 ,0.60 ,0.73 ,0.63 ,0.59 ,0.61 ,0.63 ,0.71 ,0.43 ,0.61 ,0.65 ,0.65 
0.22 ,0.24 ,0.50 ,0.28 ,0.71 ,0.79 ,0.79 ,0.43 ,0.50 ,0.24 ,0.75 ,0.64 ,0.61 ,0.71 ,0.68 ,0.73 ,0.63 ,0.59 ,0.61 ,0.63 ,0.71 ,0.43 ,0.61 ,0.65 ,0.65 ,0.75 ,0.64 ,0.61 ,0.71 ,0.68 
0.20 ,0.24 ,0.50 ,0.28 ,0.73 ,0.80 ,0.80 ,0.43 ,0.50 ,0.24 ,0.75 ,0.50 ,0.61 ,0.73 ,0.72 ,0.71 ,0.43 ,0.61 ,0.65 ,0.65 ,0.75 ,0.64 ,0.61 ,0.71 ,0.68 ,0.75 ,0.50 ,0.61 ,0.73 ,0.72 
0.70 ,0.22 ,0.58 ,0.22 ,0.33 ,0.33 ,0.34 ,0.56 ,0.50 ,0.28 ,0.28 ,0.43 ,0.76 ,0.61 ,0.26 ,0.00 ,0.00 ,0.00 ,0.00 ,0.00 ,0.00 ,0.00 ,0.00 ,0.00 ,0.00 ,0.28 ,0.43 ,0.76 ,0.61 ,0.26 
0.67 ,0.22 ,0.58 ,0.22 ,0.36 ,0.37 ,0.39 ,0.56 ,0.55 ,0.26 ,0.34 ,0.71 ,0.76 ,0.62 ,0.21 ,0.00 ,0.00 ,0.00 ,0.00 ,0.00 ,0.28 ,0.43 ,0.76 ,0.61 ,0.26 ,0.34 ,0.71 ,0.76 ,0.62 ,0.21 
0.63 ,0.22 ,0.58 ,0.22 ,0.39 ,0.43 ,0.42 ,0.56 ,0.47 ,0.27 ,0.34 ,0.53 ,0.76 ,0.61 ,0.20 ,0.28 ,0.43 ,0.76 ,0.61 ,0.26 ,0.34 ,0.71 ,0.76 ,0.62 ,0.21 ,0.34 ,0.53 ,0.76 ,0.61 ,0.20 
0.60 ,0.22 ,0.58 ,0.22 ,0.42 ,0.48 ,0.45 ,0.56 ,0.44 ,0.27 ,0.36 ,0.70 ,0.76 ,0.59 ,0.21 ,0.34 ,0.71 ,0.76 ,0.62 ,0.21 ,0.34 ,0.53 ,0.76 ,0.61 ,0.20 ,0.36 ,0.70 ,0.76 ,0.59 ,0.21 
0.57 ,0.22 ,0.58 ,0.22 ,0.45 ,0.48 ,0.52 ,0.56 ,0.55 ,0.28 ,0.38 ,0.49 ,0.60 ,0.58 ,0.21 ,0.34 ,0.53 ,0.76 ,0.61 ,0.20 ,0.36 ,0.70 ,0.76 ,0.59 ,0.21 ,0.38 ,0.49 ,0.60 ,0.58 ,0.21 
0.54 ,0.22 ,0.58 ,0.22 ,0.48 ,0.53 ,0.56 ,0.56 ,0.54 ,0.28 ,0.40 ,0.33 ,0.60 ,0.59 ,0.25 ,0.36 ,0.70 ,0.76 ,0.59 ,0.21 ,0.38 ,0.49 ,0.60 ,0.58 ,0.21 ,0.40 ,0.33 ,0.60 ,0.59 ,0.25 
0.48 ,0.22 ,0.58 ,0.22 ,0.54 ,0.62 ,0.61 ,0.56 ,0.48 ,0.27 ,0.46 ,0.54 ,0.60 ,0.59 ,0.21 ,0.38 ,0.49 ,0.60 ,0.58 ,0.21 ,0.40 ,0.33 ,0.60 ,0.59 ,0.25 ,0.46 ,0.54 ,0.60 ,0.59 ,0.21 
0.45 ,0.22 ,0.58 ,0.22 ,0.57 ,0.68 ,0.63 ,0.56 ,0.45 ,0.27 ,0.48 ,0.60 ,0.60 ,0.58 ,0.25 ,0.40 ,0.33 ,0.60 ,0.59 ,0.25 ,0.46 ,0.54 ,0.60 ,0.59 ,0.21 ,0.48 ,0.60 ,0.60 ,0.58 ,0.25 
0.42 ,0.22 ,0.58 ,0.22 ,0.60 ,0.71 ,0.70 ,0.56 ,0.49 ,0.28 ,0.49 ,0.55 ,0.60 ,0.55 ,0.24 ,0.46 ,0.54 ,0.60 ,0.59 ,0.21 ,0.48 ,0.60 ,0.60 ,0.58 ,0.25 ,0.49 ,0.55 ,0.60 ,0.55 ,0.24 
0.39 ,0.22 ,0.58 ,0.22 ,0.62 ,0.74 ,0.73 ,0.56 ,0.48 ,0.27 ,0.54 ,0.68 ,0.60 ,0.55 ,0.24 ,0.48 ,0.60 ,0.60 ,0.58 ,0.25 ,0.49 ,0.55 ,0.60 ,0.55 ,0.24 ,0.54 ,0.68 ,0.60 ,0.55 ,0.24 
0.36 ,0.22 ,0.58 ,0.22 ,0.65 ,0.77 ,0.75 ,0.56 ,0.48 ,0.27 ,0.55 ,0.68 ,0.60 ,0.56 ,0.25 ,0.49 ,0.55 ,0.60 ,0.55 ,0.24 ,0.54 ,0.68 ,0.60 ,0.55 ,0.24 ,0.55 ,0.68 ,0.60 ,0.56 ,0.25 
0.32 ,0.22 ,0.58 ,0.22 ,0.68 ,0.78 ,0.77 ,0.56 ,0.48 ,0.26 ,0.62 ,0.48 ,0.60 ,0.57 ,0.23 ,0.54 ,0.68 ,0.60 ,0.55 ,0.24 ,0.55 ,0.68 ,0.60 ,0.56 ,0.25 ,0.62 ,0.48 ,0.60 ,0.57 ,0.23 
0.29 ,0.22 ,0.58 ,0.22 ,0.71 ,0.80 ,0.78 ,0.56 ,0.48 ,0.25 ,0.65 ,0.52 ,0.60 ,0.57 ,0.22 ,0.55 ,0.68 ,0.60 ,0.56 ,0.25 ,0.62 ,0.48 ,0.60 ,0.57 ,0.23 ,0.65 ,0.52 ,0.60 ,0.57 ,0.22 
0.26 ,0.22 ,0.58 ,0.22 ,0.74 ,0.80 ,0.79 ,0.56 ,0.49 ,0.25 ,0.70 ,0.57 ,0.60 ,0.57 ,0.21 ,0.62 ,0.48 ,0.60 ,0.57 ,0.23 ,0.65 ,0.52 ,0.60 ,0.57 ,0.22 ,0.70 ,0.57 ,0.60 ,0.57 ,0.21 
0.23 ,0.22 ,0.58 ,0.22 ,0.77 ,0.80 ,0.80 ,0.56 ,0.49 ,0.24 ,0.77 ,0.61 ,0.60 ,0.57 ,0.21 ,0.65 ,0.52 ,0.60 ,0.57 ,0.22 ,0.70 ,0.57 ,0.60 ,0.57 ,0.21 ,0.77 ,0.61 ,0.60 ,0.57 ,0.21 
0.20 ,0.22 ,0.58 ,0.22 ,0.80 ,0.80 ,0.80 ,0.56 ,0.50 ,0.24 ,0.80 ,0.46 ,0.59 ,0.57 ,0.21 ,0.70 ,0.57 ,0.60 ,0.57 ,0.21 ,0.77 ,0.61 ,0.60 ,0.57 ,0.21 ,0.80 ,0.46 ,0.59 ,0.57 ,0.21 
0.80 ,0.29 ,0.28 ,0.34 ,0.23 ,0.21 ,0.21 ,0.56 ,0.20 ,0.68 ,0.60 ,0.55 ,0.24 ,0.33 ,0.66 ,0.00 ,0.00 ,0.00 ,0.00 ,0.00 ,0.00 ,0.00 ,0.00 ,0.00 ,0.00 ,0.60 ,0.55 ,0.24 ,0.33 ,0.66 
0.77 ,0.29 ,0.28 ,0.34 ,0.26 ,0.25 ,0.25 ,0.56 ,0.20 ,0.68 ,0.60 ,0.56 ,0.29 ,0.48 ,0.80 ,0.00 ,0.00 ,0.00 ,0.00 ,0.00 ,0.60 ,0.55 ,0.24 ,0.33 ,0.66 ,0.60 ,0.56 ,0.29 ,0.48 ,0.80 
0.74 ,0.29 ,0.28 ,0.34 ,0.29 ,0.28 ,0.28 ,0.56 ,0.22 ,0.48 ,0.60 ,0.57 ,0.32 ,0.46 ,0.42 ,0.60 ,0.55 ,0.24 ,0.33 ,0.66 ,0.60 ,0.56 ,0.29 ,0.48 ,0.80 ,0.60 ,0.57 ,0.32 ,0.46 ,0.42 
0.70 ,0.29 ,0.28 ,0.34 ,0.32 ,0.35 ,0.34 ,0.56 ,0.27 ,0.52 ,0.60 ,0.57 ,0.34 ,0.48 ,0.29 ,0.60 ,0.56 ,0.29 ,0.48 ,0.80 ,0.60 ,0.57 ,0.32 ,0.46 ,0.42 ,0.60 ,0.57 ,0.34 ,0.48 ,0.29 
0.67 ,0.29 ,0.28 ,0.34 ,0.35 ,0.36 ,0.36 ,0.56 ,0.30 ,0.57 ,0.60 ,0.57 ,0.35 ,0.49 ,0.27 ,0.60 ,0.57 ,0.32 ,0.46 ,0.42 ,0.60 ,0.57 ,0.34 ,0.48 ,0.29 ,0.60 ,0.57 ,0.35 ,0.49 ,0.27 
0.64 ,0.29 ,0.28 ,0.34 ,0.37 ,0.40 ,0.40 ,0.56 ,0.34 ,0.61 ,0.60 ,0.57 ,0.37 ,0.49 ,0.26 ,0.60 ,0.57 ,0.34 ,0.48 ,0.29 ,0.60 ,0.57 ,0.35 ,0.49 ,0.27 ,0.60 ,0.57 ,0.37 ,0.49 ,0.26 
0.61 ,0.29 ,0.28 ,0.34 ,0.41 ,0.43 ,0.43 ,0.56 ,0.37 ,0.46 ,0.59 ,0.57 ,0.39 ,0.49 ,0.25 ,0.60 ,0.57 ,0.35 ,0.49 ,0.27 ,0.60 ,0.57 ,0.37 ,0.49 ,0.26 ,0.59 ,0.57 ,0.39 ,0.49 ,0.25 
0.58 ,0.29 ,0.28 ,0.34 ,0.43 ,0.46 ,0.46 ,0.56 ,0.42 ,0.33 ,0.59 ,0.58 ,0.40 ,0.49 ,0.25 ,0.60 ,0.57 ,0.37 ,0.49 ,0.26 ,0.59 ,0.57 ,0.39 ,0.49 ,0.25 ,0.59 ,0.58 ,0.40 ,0.49 ,0.25 
0.55 ,0.29 ,0.28 ,0.34 ,0.46 ,0.49 ,0.49 ,0.56 ,0.45 ,0.63 ,0.59 ,0.61 ,0.44 ,0.49 ,0.24 ,0.59 ,0.57 ,0.39 ,0.49 ,0.25 ,0.59 ,0.58 ,0.40 ,0.49 ,0.25 ,0.59 ,0.61 ,0.44 ,0.49 ,0.24 
0.52 ,0.29 ,0.28 ,0.34 ,0.49 ,0.54 ,0.53 ,0.56 ,0.48 ,0.43 ,0.61 ,0.65 ,0.48 ,0.48 ,0.25 ,0.59 ,0.58 ,0.40 ,0.49 ,0.25 ,0.59 ,0.61 ,0.44 ,0.49 ,0.24 ,0.61 ,0.65 ,0.48 ,0.48 ,0.25 
0.48 ,0.29 ,0.28 ,0.34 ,0.52 ,0.57 ,0.56 ,0.64 ,0.50 ,0.64 ,0.61 ,0.71 ,0.52 ,0.48 ,0.25 ,0.59 ,0.61 ,0.44 ,0.49 ,0.24 ,0.61 ,0.65 ,0.48 ,0.48 ,0.25 ,0.61 ,0.71 ,0.52 ,0.48 ,0.25 
0.45 ,0.29 ,0.28 ,0.34 ,0.55 ,0.60 ,0.59 ,0.64 ,0.53 ,0.50 ,0.61 ,0.73 ,0.58 ,0.48 ,0.24 ,0.61 ,0.65 ,0.48 ,0.48 ,0.25 ,0.61 ,0.71 ,0.52 ,0.48 ,0.25 ,0.61 ,0.73 ,0.58 ,0.48 ,0.24 
0.42 ,0.29 ,0.28 ,0.34 ,0.58 ,0.63 ,0.61 ,0.64 ,0.56 ,0.69 ,0.80 ,0.73 ,0.62 ,0.47 ,0.24 ,0.61 ,0.71 ,0.52 ,0.48 ,0.25 ,0.61 ,0.73 ,0.58 ,0.48 ,0.24 ,0.80 ,0.73 ,0.62 ,0.47 ,0.24 
0.39 ,0.29 ,0.28 ,0.34 ,0.61 ,0.65 ,0.62 ,0.65 ,0.58 ,0.80 ,0.80 ,0.73 ,0.65 ,0.47 ,0.24 ,0.61 ,0.73 ,0.58 ,0.48 ,0.24 ,0.80 ,0.73 ,0.62 ,0.47 ,0.24 ,0.80 ,0.73 ,0.65 ,0.47 ,0.24 
0.36 ,0.29 ,0.28 ,0.34 ,0.64 ,0.67 ,0.64 ,0.65 ,0.62 ,0.60 ,0.80 ,0.74 ,0.69 ,0.47 ,0.24 ,0.80 ,0.73 ,0.62 ,0.47 ,0.24 ,0.80 ,0.73 ,0.65 ,0.47 ,0.24 ,0.80 ,0.74 ,0.69 ,0.47 ,0.24 
0.33 ,0.29 ,0.28 ,0.34 ,0.67 ,0.76 ,0.74 ,0.24 ,0.70 ,0.61 ,0.20 ,0.76 ,0.70 ,0.48 ,0.24 ,0.80 ,0.73 ,0.65 ,0.47 ,0.24 ,0.80 ,0.74 ,0.69 ,0.47 ,0.24 ,0.20 ,0.76 ,0.70 ,0.48 ,0.24 
0.29 ,0.29 ,0.28 ,0.34 ,0.70 ,0.79 ,0.76 ,0.24 ,0.72 ,0.50 ,0.20 ,0.76 ,0.73 ,0.48 ,0.24 ,0.80 ,0.74 ,0.69 ,0.47 ,0.24 ,0.20 ,0.76 ,0.70 ,0.48 ,0.24 ,0.20 ,0.76 ,0.73 ,0.48 ,0.24 
0.26 ,0.29 ,0.28 ,0.34 ,0.73 ,0.80 ,0.78 ,0.28 ,0.73 ,0.60 ,0.20 ,0.77 ,0.76 ,0.48 ,0.24 ,0.20 ,0.76 ,0.70 ,0.48 ,0.24 ,0.20 ,0.76 ,0.73 ,0.48 ,0.24 ,0.20 ,0.77 ,0.76 ,0.48 ,0.24 
0.23 ,0.29 ,0.28 ,0.34 ,0.76 ,0.80 ,0.79 ,0.28 ,0.75 ,0.49 ,0.59 ,0.78 ,0.78 ,0.49 ,0.24 ,0.20 ,0.76 ,0.73 ,0.48 ,0.24 ,0.20 ,0.77 ,0.76 ,0.48 ,0.24 ,0.59 ,0.78 ,0.78 ,0.49 ,0.24 
0.20 ,0.29 ,0.28 ,0.34 ,0.79 ,0.80 ,0.80 ,0.20 ,0.76 ,0.33 ,0.59 ,0.80 ,0.80 ,0.50 ,0.24 ,0.20 ,0.77 ,0.76 ,0.48 ,0.24 ,0.59 ,0.78 ,0.78 ,0.49 ,0.24 ,0.59 ,0.80 ,0.80 ,0.50 ,0.24 
0.76 ,0.20 ,0.20 ,0.22 ,0.24 ,0.24 ,0.27 ,0.56 ,0.21 ,0.57 ,0.60 ,0.57 ,0.23 ,0.72 ,0.75 ,0.00 ,0.00 ,0.00 ,0.00 ,0.00 ,0.00 ,0.00 ,0.00 ,0.00 ,0.00 ,0.60 ,0.57 ,0.23 ,0.72 ,0.75 
0.72 ,0.20 ,0.20 ,0.22 ,0.27 ,0.26 ,0.31 ,0.56 ,0.25 ,0.61 ,0.60 ,0.57 ,0.25 ,0.80 ,0.30 ,0.00 ,0.00 ,0.00 ,0.00 ,0.00 ,0.60 ,0.57 ,0.23 ,0.72 ,0.75 ,0.60 ,0.57 ,0.25 ,0.80 ,0.30 
0.69 ,0.20 ,0.20 ,0.22 ,0.30 ,0.31 ,0.35 ,0.56 ,0.30 ,0.46 ,0.59 ,0.57 ,0.26 ,0.69 ,0.26 ,0.60 ,0.57 ,0.23 ,0.72 ,0.75 ,0.60 ,0.57 ,0.25 ,0.80 ,0.30 ,0.59 ,0.57 ,0.26 ,0.69 ,0.26 
0.66 ,0.20 ,0.20 ,0.22 ,0.33 ,0.33 ,0.38 ,0.56 ,0.33 ,0.33 ,0.59 ,0.58 ,0.28 ,0.67 ,0.25 ,0.60 ,0.57 ,0.25 ,0.80 ,0.30 ,0.59 ,0.57 ,0.26 ,0.69 ,0.26 ,0.59 ,0.58 ,0.28 ,0.67 ,0.25 
0.63 ,0.20 ,0.20 ,0.22 ,0.36 ,0.35 ,0.40 ,0.56 ,0.36 ,0.63 ,0.59 ,0.61 ,0.32 ,0.66 ,0.25 ,0.59 ,0.57 ,0.26 ,0.69 ,0.26 ,0.59 ,0.58 ,0.28 ,0.67 ,0.25 ,0.59 ,0.61 ,0.32 ,0.66 ,0.25 
0.59 ,0.20 ,0.20 ,0.22 ,0.40 ,0.37 ,0.43 ,0.56 ,0.33 ,0.43 ,0.61 ,0.65 ,0.36 ,0.66 ,0.28 ,0.59 ,0.58 ,0.28 ,0.67 ,0.25 ,0.59 ,0.61 ,0.32 ,0.66 ,0.25 ,0.61 ,0.65 ,0.36 ,0.66 ,0.28 
0.56 ,0.20 ,0.20 ,0.22 ,0.43 ,0.40 ,0.46 ,0.56 ,0.42 ,0.64 ,0.61 ,0.71 ,0.41 ,0.62 ,0.25 ,0.59 ,0.61 ,0.32 ,0.66 ,0.25 ,0.61 ,0.65 ,0.36 ,0.66 ,0.28 ,0.61 ,0.71 ,0.41 ,0.62 ,0.25 
0.53 ,0.20 ,0.20 ,0.22 ,0.46 ,0.43 ,0.49 ,0.56 ,0.44 ,0.50 ,0.61 ,0.73 ,0.47 ,0.61 ,0.25 ,0.61 ,0.65 ,0.36 ,0.66 ,0.28 ,0.61 ,0.71 ,0.41 ,0.62 ,0.25 ,0.61 ,0.73 ,0.47 ,0.61 ,0.25 
0.49 ,0.20 ,0.20 ,0.22 ,0.49 ,0.47 ,0.53 ,0.56 ,0.47 ,0.69 ,0.80 ,0.73 ,0.51 ,0.59 ,0.25 ,0.61 ,0.71 ,0.41 ,0.62 ,0.25 ,0.61 ,0.73 ,0.47 ,0.61 ,0.25 ,0.80 ,0.73 ,0.51 ,0.59 ,0.25 
0.46 ,0.20 ,0.20 ,0.22 ,0.52 ,0.53 ,0.55 ,0.56 ,0.49 ,0.80 ,0.80 ,0.73 ,0.54 ,0.53 ,0.25 ,0.61 ,0.73 ,0.47 ,0.61 ,0.25 ,0.80 ,0.73 ,0.51 ,0.59 ,0.25 ,0.80 ,0.73 ,0.54 ,0.53 ,0.25 
0.43 ,0.20 ,0.20 ,0.22 ,0.55 ,0.58 ,0.59 ,0.56 ,0.51 ,0.60 ,0.80 ,0.74 ,0.58 ,0.51 ,0.25 ,0.80 ,0.73 ,0.51 ,0.59 ,0.25 ,0.80 ,0.73 ,0.54 ,0.53 ,0.25 ,0.80 ,0.74 ,0.58 ,0.51 ,0.25 
0.40 ,0.20 ,0.20 ,0.22 ,0.58 ,0.62 ,0.64 ,0.56 ,0.57 ,0.61 ,0.20 ,0.76 ,0.59 ,0.52 ,0.25 ,0.80 ,0.73 ,0.54 ,0.53 ,0.25 ,0.80 ,0.74 ,0.58 ,0.51 ,0.25 ,0.20 ,0.76 ,0.59 ,0.52 ,0.25 
0.33 ,0.20 ,0.20 ,0.22 ,0.64 ,0.75 ,0.72 ,0.56 ,0.64 ,0.60 ,0.20 ,0.77 ,0.62 ,0.47 ,0.25 ,0.80 ,0.74 ,0.58 ,0.51 ,0.25 ,0.20 ,0.76 ,0.59 ,0.52 ,0.25 ,0.20 ,0.77 ,0.62 ,0.47 ,0.25 
0.27 ,0.20 ,0.20 ,0.22 ,0.70 ,0.79 ,0.79 ,0.56 ,0.67 ,0.33 ,0.59 ,0.80 ,0.64 ,0.50 ,0.25 ,0.20 ,0.76 ,0.59 ,0.52 ,0.25 ,0.20 ,0.77 ,0.62 ,0.47 ,0.25 ,0.59 ,0.80 ,0.64 ,0.50 ,0.25 
